<?xml version='1.0' encoding='utf-8' standalone='yes' ?>
<map>
    <int name="AF_CACHE_VERSION" value="1" />
    <string name="prev_event_name">appClose</string>
    <boolean name="didSendRevenueTriggerOnLastBackground" value="true" />
    <long name="prev_event_timestamp" value="1755892358323" />
    <int name="appsFlyerInAppEventCount" value="31" />
    <long name="prev_session_dur" value="12" />
    <boolean name="ddl_sent" value="true" />
    <long name="af_rc_max_age" value="86400" />
    <string name="sentSuccessfully">true</string>
    <string name="af_remote_config">eyJmZWF0dXJlcyI6e30sInZlciI6ImRlZmF1bHQudjEuMTYzNzE0OTUyOSJ9</string>
    <int name="versionCode" value="449" />
    <string name="savedProperties">{&quot;waitForCustomerId&quot;:&quot;false&quot;,&quot;onelinkVersion&quot;:&quot;4&quot;,&quot;logLevel&quot;:&quot;4&quot;,&quot;oneLinkSlug&quot;:&quot;Lz3o&quot;,&quot;onelinkDomain&quot;:&quot;dashreels.onelink.me&quot;,&quot;additionalCustomData&quot;:&quot;{\&quot;userId:\&quot;:\&quot;gYZYG4zw4gclGwfNc4JSZ3RyXNH2\&quot;}&quot;,&quot;AppUserId&quot;:&quot;RwkM8BPEoSVOSJqjPhEOFbVOIkJ2&quot;}</string>
    <string name="AF_INSTALLATION">1755892311297-8723731642854495027</string>
    <boolean name="afUninstallToken_queued" value="false" />
    <int name="appsFlyerCount" value="4" />
    <long name="af_rc_timestamp" value="1755892311678" />
    <long name="AppsFlyerTimePassedSincePrevLaunch" value="1755892345263" />
    <boolean name="newGPReferrerSent" value="true" />
    <string name="first_launch">{&quot;net&quot;:1587,&quot;from_fg&quot;:8397,&quot;start_with&quot;:&quot;activity&quot;,&quot;init_to_fg&quot;:42}</string>
    <string name="appsFlyerFirstInstall"></string>
    <string name="attributionId">{&quot;install_time&quot;:&quot;2025-08-22 19:52:13.465&quot;,&quot;af_message&quot;:&quot;organic install&quot;,&quot;af_status&quot;:&quot;Organic&quot;,&quot;is_first_launch&quot;:false}</string>
</map>
