<?xml version='1.0' encoding='utf-8' standalone='yes' ?>
<map>
    <boolean name="measurement_enabled_from_api" value="true" />
    <boolean name="deep_link_retrieval_complete" value="true" />
    <long name="first_open_time" value="1755892304115" />
    <string name="gmp_app_id">1:656055924537:android:cefe928c189ab71c5d9ae8</string>
    <string name="app_instance_id">da5651a65b2fbb664739df9cb940945d</string>
    <long name="deep_link_retrieval_attempts" value="1" />
    <long name="session_id" value="1755892306" />
    <boolean name="app_backgrounded" value="true" />
    <long name="health_monitor:start" value="1755892306638" />
    <boolean name="use_service" value="true" />
    <boolean name="deferred_analytics_collection" value="false" />
    <string name="previous_os_version">14</string>
    <boolean name="measurement_enabled" value="true" />
    <boolean name="has_been_opened" value="true" />
    <boolean name="allow_remote_dynamite" value="true" />
    <long name="last_pause_time" value="1755892357044" />
    <boolean name="start_new_session" value="false" />
</map>
