<?xml version='1.0' encoding='utf-8' standalone='yes' ?>
<map>
    <long name="com.facebook.appevents.SessionInfo.sessionStartTime" value="1755892307960" />
    <string name="storefrontCacheKey">IN</string>
    <int name="com.facebook.appevents.SessionInfo.interruptionCount" value="2" />
    <long name="com.revenuecat.purchases.goog_DbsgCxjHJWZblwrslqFJzSvLMCC.purchaserInfoLastUpdated.RwkM8BPEoSVOSJqjPhEOFbVOIkJ2" value="1755892353858" />
    <string name="com.applovin.sdk.impl.isFirstRun">true</string>
    <string name="com.facebook.appevents.SessionInfo.sessionId">291de1e3-ae14-4198-ae4d-624709094eb8</string>
    <long name="com.facebook.appevents.SessionInfo.sessionEndTime" value="1755892357041" />
    <string name="com.revenuecat.purchases.goog_DbsgCxjHJWZblwrslqFJzSvLMCC.subscriberAttributes">{&quot;attributes&quot;:{&quot;gYZYG4zw4gclGwfNc4JSZ3RyXNH2&quot;:{&quot;$displayName&quot;:{&quot;key&quot;:&quot;$displayName&quot;,&quot;value&quot;:&quot;Anonymous&quot;,&quot;set_time&quot;:1755892314334,&quot;is_synced&quot;:true},&quot;$mixpanelDistinctId&quot;:{&quot;key&quot;:&quot;$mixpanelDistinctId&quot;,&quot;value&quot;:&quot;gYZYG4zw4gclGwfNc4JSZ3RyXNH2&quot;,&quot;set_time&quot;:1755892314340,&quot;is_synced&quot;:true},&quot;$gpsAdId&quot;:{&quot;key&quot;:&quot;$gpsAdId&quot;,&quot;value&quot;:&quot;32b09acc-0c88-4a85-8ffe-3b71c0367bc6&quot;,&quot;set_time&quot;:1755892314761,&quot;is_synced&quot;:true},&quot;$ip&quot;:{&quot;key&quot;:&quot;$ip&quot;,&quot;value&quot;:&quot;true&quot;,&quot;set_time&quot;:1755892314761,&quot;is_synced&quot;:true},&quot;$deviceVersion&quot;:{&quot;key&quot;:&quot;$deviceVersion&quot;,&quot;value&quot;:&quot;true&quot;,&quot;set_time&quot;:1755892314761,&quot;is_synced&quot;:true},&quot;$appsflyerId&quot;:{&quot;key&quot;:&quot;$appsflyerId&quot;,&quot;value&quot;:&quot;1755892311297-8723731642854495027&quot;,&quot;set_time&quot;:1755892315904,&quot;is_synced&quot;:true}},&quot;RwkM8BPEoSVOSJqjPhEOFbVOIkJ2&quot;:{&quot;$displayName&quot;:{&quot;key&quot;:&quot;$displayName&quot;,&quot;value&quot;:&quot;Anonymous&quot;,&quot;set_time&quot;:1755892353150,&quot;is_synced&quot;:true},&quot;$phoneNumber&quot;:{&quot;key&quot;:&quot;$phoneNumber&quot;,&quot;value&quot;:&quot;+917866076215&quot;,&quot;set_time&quot;:1755892353152,&quot;is_synced&quot;:true},&quot;$mixpanelDistinctId&quot;:{&quot;key&quot;:&quot;$mixpanelDistinctId&quot;,&quot;value&quot;:&quot;RwkM8BPEoSVOSJqjPhEOFbVOIkJ2&quot;,&quot;set_time&quot;:1755892353155,&quot;is_synced&quot;:true},&quot;$appsflyerId&quot;:{&quot;key&quot;:&quot;$appsflyerId&quot;,&quot;value&quot;:&quot;1755892311297-8723731642854495027&quot;,&quot;set_time&quot;:1755892353481,&quot;is_synced&quot;:true},&quot;$gpsAdId&quot;:{&quot;key&quot;:&quot;$gpsAdId&quot;,&quot;value&quot;:&quot;32b09acc-0c88-4a85-8ffe-3b71c0367bc6&quot;,&quot;set_time&quot;:1755892353481,&quot;is_synced&quot;:true},&quot;$ip&quot;:{&quot;key&quot;:&quot;$ip&quot;,&quot;value&quot;:&quot;true&quot;,&quot;set_time&quot;:1755892353481,&quot;is_synced&quot;:true},&quot;$deviceVersion&quot;:{&quot;key&quot;:&quot;$deviceVersion&quot;,&quot;value&quot;:&quot;true&quot;,&quot;set_time&quot;:1755892353481,&quot;is_synced&quot;:true}}}}</string>
    <boolean name="bg_startup_tracing" value="false" />
    <string name="com.facebook.appevents.UserDataStore.internalUserData"></string>
    <set name="com.revenuecat.purchases.goog_DbsgCxjHJWZblwrslqFJzSvLMCC.tokens" />
    <long name="com.revenuecat.purchases.goog_DbsgCxjHJWZblwrslqFJzSvLMCC.productEntitlementMappingLastUpdated" value="1755892319221" />
    <string name="com.facebook.appevents.UserDataStore.userData"></string>
    <string name="com.revenuecat.purchases.goog_DbsgCxjHJWZblwrslqFJzSvLMCC.new">RwkM8BPEoSVOSJqjPhEOFbVOIkJ2</string>
    <string name="com.revenuecat.purchases.goog_DbsgCxjHJWZblwrslqFJzSvLMCC.productEntitlementMapping">{&quot;product_entitlement_mapping&quot;:{&quot;ad_free_999&quot;:{&quot;product_identifier&quot;:&quot;ad_free_999&quot;,&quot;base_plan_id&quot;:&quot;ad-free-base&quot;,&quot;entitlements&quot;:[&quot;Ad Free&quot;]},&quot;ad_free_999:ad-free-base&quot;:{&quot;product_identifier&quot;:&quot;ad_free_999&quot;,&quot;base_plan_id&quot;:&quot;ad-free-base&quot;,&quot;entitlements&quot;:[&quot;Ad Free&quot;]},&quot;ad_free_monthly_99&quot;:{&quot;product_identifier&quot;:&quot;ad_free_monthly_99&quot;,&quot;base_plan_id&quot;:&quot;ad-free-monthly-base&quot;,&quot;entitlements&quot;:[&quot;Ad Free Quarterly&quot;]},&quot;ad_free_monthly_99:ad-free-monthly-base&quot;:{&quot;product_identifier&quot;:&quot;ad_free_monthly_99&quot;,&quot;base_plan_id&quot;:&quot;ad-free-monthly-base&quot;,&quot;entitlements&quot;:[&quot;Ad Free Quarterly&quot;]},&quot;ad_free_quarterly&quot;:{&quot;product_identifier&quot;:&quot;ad_free_quarterly&quot;,&quot;base_plan_id&quot;:&quot;ad-free-base-quarterly&quot;,&quot;entitlements&quot;:[&quot;Ad Free Quarterly&quot;]},&quot;ad_free_quarterly:ad-free-base-quarterly&quot;:{&quot;product_identifier&quot;:&quot;ad_free_quarterly&quot;,&quot;base_plan_id&quot;:&quot;ad-free-base-quarterly&quot;,&quot;entitlements&quot;:[&quot;Ad Free Quarterly&quot;]},&quot;less_ads_399_prod&quot;:{&quot;product_identifier&quot;:&quot;less_ads_399_prod&quot;,&quot;base_plan_id&quot;:&quot;less-ads-base-plan&quot;,&quot;entitlements&quot;:[&quot;Reduced Ads&quot;]},&quot;less_ads_399_prod:less-ads-base-plan&quot;:{&quot;product_identifier&quot;:&quot;less_ads_399_prod&quot;,&quot;base_plan_id&quot;:&quot;less-ads-base-plan&quot;,&quot;entitlements&quot;:[&quot;Reduced Ads&quot;]},&quot;reels_1.99&quot;:{&quot;product_identifier&quot;:&quot;reels_1.99&quot;,&quot;entitlements&quot;:[]},&quot;reels_4.99&quot;:{&quot;product_identifier&quot;:&quot;reels_4.99&quot;,&quot;entitlements&quot;:[]}}}</string>
    <string name="com.facebook.appevents.AnalyticsUserIDStore.userID">RwkM8BPEoSVOSJqjPhEOFbVOIkJ2</string>
    <string name="com.revenuecat.purchases.goog_DbsgCxjHJWZblwrslqFJzSvLMCC.RwkM8BPEoSVOSJqjPhEOFbVOIkJ2">{&quot;request_date&quot;:&quot;2025-08-22T19:52:33Z&quot;,&quot;request_date_ms&quot;:1755892353860,&quot;subscriber&quot;:{&quot;entitlements&quot;:{},&quot;first_seen&quot;:&quot;2025-08-02T13:14:45Z&quot;,&quot;last_seen&quot;:&quot;2025-08-14T11:35:33Z&quot;,&quot;management_url&quot;:null,&quot;non_subscriptions&quot;:{},&quot;original_app_user_id&quot;:&quot;RwkM8BPEoSVOSJqjPhEOFbVOIkJ2&quot;,&quot;original_application_version&quot;:null,&quot;original_purchase_date&quot;:null,&quot;other_purchases&quot;:{},&quot;subscriptions&quot;:{}},&quot;schema_version&quot;:3,&quot;verification_result&quot;:&quot;NOT_REQUESTED&quot;,&quot;customer_info_request_date&quot;:1755892353860}</string>
</map>
