<?xml version='1.0' encoding='utf-8' standalone='yes' ?>
<map>
    <boolean name="flutter.renderHomeV2" value="false" />
    <string name="flutter.countryCode">IN</string>
    <string name="flutter.CAMPAIGN_TYPE">CPT</string>
    <boolean name="flutter.appsflyerDeepLinked" value="true" />
    <string name="flutter.lastSessionId">723de5d0-7f91-11f0-9e57-af3d048d4f46</string>
    <string name="flutter.alternateTrialScreen">&quot;true&quot;</string>
    <string name="flutter.homeRevampRollout">&quot;false&quot;</string>
    <string name="flutter.PREFERRED_LANGUAGE">hi</string>
    <boolean name="flutter.firstSession" value="false" />
    <boolean name="flutter.didShowFirstNotificationPrompt" value="true" />
    <long name="flutter.lastSessionStartTime" value="1755892311214" />
    <string name="flutter.SUBSCRIPTION_ONLY">true</string>
    <boolean name="flutter.firstTimeLaunch" value="false" />
    <string name="flutter.subscriptionVariant">&quot;D&quot;</string>
    <string name="flutter.startOnExplore">&quot;false&quot;</string>
</map>
