<?xml version='1.0' encoding='utf-8' standalone='yes' ?>
<map>
    <string name="auid">a0cec395-469f-4b46-8242-1f6855cbbbe4</string>
    <string name="ControllerABGroup">1648.4</string>
    <string name="search_keys">{&quot;success&quot;:&quot;&quot;,&quot;fail&quot;:&quot;&quot;,&quot;searchKeys&quot;:[&quot;market://&quot;,&quot;play.google.com&quot;],&quot;acknowledgeWith&quot;:&quot;acknowledgeMessage&quot;,&quot;declineWith&quot;:&quot;errorTest&quot;}</string>
    <string name="ssaGlobalAppData">{&quot;controllerVersion&quot;:&quot;2959&quot;}</string>
    <string name="version">8.9.1</string>
    <string name="unityads-idfi">6e4f2c71-2e6b-4016-9c16-cf82dd020591</string>
</map>
