{"Fid":"cD5LP4QNQiut_TvpB0gvW4","Status":3,"AuthToken":"eyJhbGciOiJFUzI1NiIsInR5cCI6IkpXVCJ9.eyJhcHBJZCI6IjE6NjU2MDU1OTI0NTM3OmFuZHJvaWQ6Y2VmZTkyOGMxODlhYjcxYzVkOWFlOCIsImV4cCI6MTc1NjQ5NzEwNiwiZmlkIjoiY0Q1TFA0UU5RaXV0X1R2cEIwZ3ZXNCIsInByb2plY3ROdW1iZXIiOjY1NjA1NTkyNDUzN30.AB2LPV8wRQIgGONZjf4CigItZWR4wQJgiri0H7EIytfRGE9iloEJ42sCIQCsHZLEDQBh8mYbPZ6dWp_SCEEQ9XxLIVkb7HfjVFUiYQ","RefreshToken":"3_AS3qfwIUXh2n7zngMDKyOt8hNtZ3p1FHdXuF_jgM3rxfQZ_fAfW45BuYJxJNlM-pUmrdvXzPhVqTJY15H2KosF9Zox5X4_duchR9ZSNMKJLc1A","TokenCreationEpochInSecs":1755892305,"ExpiresInSecs":604800}