{"url":"https:\/\/webview.unityads.unity3d.com\/webview_test\/4.0.0\/45b75235eda302aec7792fa7855035c88a92e365\/release\/index.html","hash":"a5a2612d421ad122ce6f249f016797cc7f177b95de41ecc3f9ed56838e882c89","version":"45b75235eda302aec7792fa7855035c88a92e365","dwu":false,"sdkv":"4.0.0","murl":"https:\/\/gateway.unityads.unity3d.com\/legacy\/diagnostics\/v2\/metrics","msr":5,"omn":"Unity3d","omv":"1.3.0","sto":30000,"lto":60000,"src":"srvc","expo":{"gjl":{"value":"true"},"lto":{"value":"60000"},"osg":{"applied":"current","value":true},"sendShowConsentEvent":{"value":"true"},"sto":{"value":"30000"},"tsi":{"value":"true"},"tsi_nt":{"value":"true"},"tsi_p":{"value":"true"},"tsi_prw":{"value":"true"},"tsi_upii":{"value":"false"},"wgr":{"value":"true"}}}